{"token": "ya29.a0ARrdaM98WoFyMhc7Qz9KR9ffzGfWdo0N7BugqmCkhpbnVo2NGxOjMBLo_ebYLrPwxUa9pai7PACj9uAZnc1pGMQxDoZuRPYKOOB2lvzMMCFgT7w8-nXuoMvRY4jDSA9eZbUHceWG3OHq9sLCXgswxfhPj9Ph", "refresh_token": "1//0cRjbi1abkPGsCgYIARAAGAwSNwF-L9Irjw03-1ciX7AzerJn_dMlXhjKbOXEn4JpHO_ThmLZlqPrJJsRuIJFAzYctJ4odBA_MYo", "token_uri": "https://oauth2.googleapis.com/token", "client_id": "673220072532-r39c0matnbii2nm1ftst4r39rqn1h1qa.apps.googleusercontent.com", "client_secret": "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", "scopes": ["https://www.googleapis.com/auth/drive", "https://www.googleapis.com/auth/cloud-platform", "https://www.googleapis.com/auth/iam"], "expiry": "2021-12-01T07:26:25.786683Z"}